dataset,dataset_version,protocol_id,model,evaluation_mode,channels,participants,primary_metric,primary_percent,secondary_metric,secondary_value,descriptive_interval_low_percent,descriptive_interval_high_percent,always_abstain_participants,chance_level_percent,scoring_seconds,source,license,license_url,attribution,scope,model_rights,release_id,model_id,panel,status,not_run_reason,interval_includes_chance,at_or_below_chance,pretraining_exposure,pretraining_exposure_checked,encoder_parameters,model_revision,checkpoint_sha256,model_paper,licence_note,row_footnote,notes,idle_false_activations,idle_trials,commands_detected,command_trials,window_balanced_accuracy,window_auroc
EESM19 scalp subset,"Hugging Face processed mirror of OpenNeuro ds005185 1.0.2 · {""mirror"": ""fb045012b58a0b755f9fedf5931dff9b64a9797f"", ""upstream"": ""0857858f7a2ba1582930f23eca3ec56f90a96da9""}",parallel-fixed-subject-folds-v1/eesm19-scalp-sleep,REVE Base,Frozen encoder + ridge head,6,20,Balanced accuracy,74.633333333333,Macro F1,0.733200307009342,72.933333333333,76.366666666667,,20.0,,https://doi.org/10.18112/openneuro.ds005185.v1.0.2,CC0-1.0 declared by upstream and mirror,https://creativecommons.org/publicdomain/zero/1.0/,"Kaare B. Mikkelsen et al. · Accurate whole-night sleep monitoring with dry-contact ear-EEG (2019), doi:10.1038/s41598-019-53115-3; OpenNeuro ds005185 v1.0.2. Processed mirror: Zachary1150/EESM19-Processed.",Personal noncommercial research; aggregate results only,REVE Responsible Use License v1.0 (owner-approved 2026-10-04),foundation-models-update-20261004,reve-base,matrix,complete,,false,false,not in the authors' published pretraining list (checked 2026-10-04),2026-10-04,69189632,brain-bzh/reve-base @ dc2a075c,8ecc650619598748286c2457f81f5c6bd12e8bb59db44f7b02af1955c44de8fe,https://arxiv.org/abs/2510.21585,"REVE Responsible Use License v1.0: aggregate scientific results only; no re-identification, model inversion, membership inference or non-consensual profiling; cite the REVE paper and name the model version; no adapted weights shared.",Input removes the per-segment per-channel mean before the published /100 scaling (declared before scoring); a no-mean-removal sensitivity run scores P300 0.71 percentage points higher and sleep 1.40 lower.,REVE input removes the per-segment per-channel mean (declared before scoring; the published LaBraM/CBraMod rows did not); a no-mean-removal sensitivity run is stated in the row footnote.,,,,,,
EESM19 scalp subset,"Hugging Face processed mirror of OpenNeuro ds005185 1.0.2 · {""mirror"": ""fb045012b58a0b755f9fedf5931dff9b64a9797f"", ""upstream"": ""0857858f7a2ba1582930f23eca3ec56f90a96da9""}",parallel-fixed-subject-folds-v1/eesm19-scalp-sleep,REVE Large,Frozen encoder + ridge head,6,20,Balanced accuracy,76.633333333333,Macro F1,0.7597139508581771,75.233333333333,78.033333333333,,20.0,,https://doi.org/10.18112/openneuro.ds005185.v1.0.2,CC0-1.0 declared by upstream and mirror,https://creativecommons.org/publicdomain/zero/1.0/,"Kaare B. Mikkelsen et al. · Accurate whole-night sleep monitoring with dry-contact ear-EEG (2019), doi:10.1038/s41598-019-53115-3; OpenNeuro ds005185 v1.0.2. Processed mirror: Zachary1150/EESM19-Processed.",Personal noncommercial research; aggregate results only,REVE Responsible Use License v1.0 (owner-approved 2026-10-04),foundation-models-update-20261004,reve-large,matrix,complete,,false,false,not in the authors' published pretraining list (checked 2026-10-04),2026-10-04,389978496,brain-bzh/reve-large @ 317531c7,f519428404aab27f7db816722c7fb8c73d08daf10986c9c21b0066be9e93bb31,https://arxiv.org/abs/2510.21585,REVE Responsible Use License v1.0 (as REVE Base).,Input removes the per-segment per-channel mean (declared before scoring); the no-mean-removal sensitivity run scores P300 2.06 percentage points lower and sleep 0.93 lower.,REVE input removes the per-segment per-channel mean (declared before scoring); a no-mean-removal sensitivity run is stated in the row footnote.,,,,,,
EESM19 scalp subset,"Hugging Face processed mirror of OpenNeuro ds005185 1.0.2 · {""mirror"": ""fb045012b58a0b755f9fedf5931dff9b64a9797f"", ""upstream"": ""0857858f7a2ba1582930f23eca3ec56f90a96da9""}",parallel-fixed-subject-folds-v1/eesm19-scalp-sleep,LUNA Base,Frozen encoder + ridge head,6,20,Balanced accuracy,67.5,Macro F1,0.6558739877902636,65.3,69.5,,20.0,,https://doi.org/10.18112/openneuro.ds005185.v1.0.2,CC0-1.0 declared by upstream and mirror,https://creativecommons.org/publicdomain/zero/1.0/,"Kaare B. Mikkelsen et al. · Accurate whole-night sleep monitoring with dry-contact ear-EEG (2019), doi:10.1038/s41598-019-53115-3; OpenNeuro ds005185 v1.0.2. Processed mirror: Zachary1150/EESM19-Processed.",Personal noncommercial research; aggregate results only,"CC BY-ND 4.0 (owner-approved: internal adaptation, aggregate scores only, no adapted weights or LoRA deltas shared)",foundation-models-update-20261004,luna-base,matrix,complete,,false,false,not in the authors' published pretraining list (checked 2026-10-04),2026-10-04,6572857,PulpBio/LUNA @ 999c1af0,482839ad9152b6948ff166d2a1638637c54b4d91f1cefadbce6312831ba9b11d,https://arxiv.org/abs/2510.22257,"CC BY-ND 4.0 weights: scores from internal probing/adaptation only; no modified weights, LoRA or adapter deltas are shared; no implied endorsement by the LUNA authors; the LUNA name is not used to suggest an official release.",Resampled to 256 Hz and truncated to whole 40-sample patches; 1-2 s windows and 4-8 channel montages are outside the authors' tested regime.,"LUNA resamples to 256 Hz and keeps whole 40-sample patches: 1 s keeps 240/256 samples, 2 s keeps 480/512. LUNA min-max position scaling on a 6-channel montage.",,,,,,
EESM19 scalp subset,"Hugging Face processed mirror of OpenNeuro ds005185 1.0.2 · {""mirror"": ""fb045012b58a0b755f9fedf5931dff9b64a9797f"", ""upstream"": ""0857858f7a2ba1582930f23eca3ec56f90a96da9""}",parallel-fixed-subject-folds-v1/eesm19-scalp-sleep,LUNA Large,Frozen encoder + ridge head,6,20,Balanced accuracy,72.366666666667,Macro F1,0.7068405909381111,70.433333333333,73.966666666667,,20.0,,https://doi.org/10.18112/openneuro.ds005185.v1.0.2,CC0-1.0 declared by upstream and mirror,https://creativecommons.org/publicdomain/zero/1.0/,"Kaare B. Mikkelsen et al. · Accurate whole-night sleep monitoring with dry-contact ear-EEG (2019), doi:10.1038/s41598-019-53115-3; OpenNeuro ds005185 v1.0.2. Processed mirror: Zachary1150/EESM19-Processed.",Personal noncommercial research; aggregate results only,CC BY-ND 4.0 (owner-approved terms as LUNA Base),foundation-models-update-20261004,luna-large,matrix,complete,,false,false,not in the authors' published pretraining list (checked 2026-10-04),2026-10-04,40449577,PulpBio/LUNA @ 999c1af0,03e0321a1e1a30dc074f7bfe512a901138200494f7694f31ab633e42b105c0e4,https://arxiv.org/abs/2510.22257,CC BY-ND 4.0 weights (as LUNA Base).,As LUNA Base. Frozen probes only.,"LUNA resamples to 256 Hz and keeps whole 40-sample patches: 1 s keeps 240/256 samples, 2 s keeps 480/512. LUNA min-max position scaling on a 6-channel montage.",,,,,,
EESM19 scalp subset,"Hugging Face processed mirror of OpenNeuro ds005185 1.0.2 · {""mirror"": ""fb045012b58a0b755f9fedf5931dff9b64a9797f"", ""upstream"": ""0857858f7a2ba1582930f23eca3ec56f90a96da9""}",parallel-fixed-subject-folds-v1/eesm19-scalp-sleep,BrainOmni Base,Frozen encoder + ridge head,6,20,Balanced accuracy,67.7,Macro F1,0.673748005793116,65.833333333333,69.5,,20.0,,https://doi.org/10.18112/openneuro.ds005185.v1.0.2,CC0-1.0 declared by upstream and mirror,https://creativecommons.org/publicdomain/zero/1.0/,"Kaare B. Mikkelsen et al. · Accurate whole-night sleep monitoring with dry-contact ear-EEG (2019), doi:10.1038/s41598-019-53115-3; OpenNeuro ds005185 v1.0.2. Processed mirror: Zachary1150/EESM19-Processed.",Personal noncommercial research; aggregate results only,MIT,foundation-models-update-20261004,brainomni-base,matrix,complete,,false,false,not in the authors' published pretraining list (checked 2026-10-04),2026-10-04,31836992,OpenTSLab/BrainOmni @ 9a4d3c70,435db24e57a55df05aa7e16355def7b7ecbedb22aa1ec16063e7d14efd2386d0,https://arxiv.org/abs/2505.18185,MIT.,p300-target and semantic-target not run: the 2 s tokenizer window cannot be met by 1 s segments without zero padding. Upstream common average reference kept on 4-8 channel montages.,BrainOmni common average reference on 6 channels removes a median 0.45 of segment channel variance.,,,,,,
EESM19 scalp subset,"Hugging Face processed mirror of OpenNeuro ds005185 1.0.2 · {""mirror"": ""fb045012b58a0b755f9fedf5931dff9b64a9797f"", ""upstream"": ""0857858f7a2ba1582930f23eca3ec56f90a96da9""}",parallel-fixed-subject-folds-v1/eesm19-scalp-sleep,CodeBrain,Frozen encoder + ridge head,6,20,Balanced accuracy,70.7,Macro F1,0.6940463354167861,68.766666666667,72.733333333333,,20.0,,https://doi.org/10.18112/openneuro.ds005185.v1.0.2,CC0-1.0 declared by upstream and mirror,https://creativecommons.org/publicdomain/zero/1.0/,"Kaare B. Mikkelsen et al. · Accurate whole-night sleep monitoring with dry-contact ear-EEG (2019), doi:10.1038/s41598-019-53115-3; OpenNeuro ds005185 v1.0.2. Processed mirror: Zachary1150/EESM19-Processed.",Personal noncommercial research; aggregate results only,Apache-2.0,foundation-models-update-20261004,codebrain,matrix,complete,,false,false,not in the authors' published pretraining list (checked 2026-10-04),2026-10-04,13529200,YjMajy/CodeBrain @ bef08d2f,d9714b8732c9883a04d022ee66254cd578ae1fa27f5458e6ab7f1aa96e9a7352,https://arxiv.org/abs/2506.09110,Apache-2.0.,"Published CBraMod pooling (patch mean, channels kept); LoRA effectively adapts only the V projection (1-token attention window upstream).",,,,,,,
EESM19 scalp subset,"Hugging Face processed mirror of OpenNeuro ds005185 1.0.2 · {""mirror"": ""fb045012b58a0b755f9fedf5931dff9b64a9797f"", ""upstream"": ""0857858f7a2ba1582930f23eca3ec56f90a96da9""}",parallel-fixed-subject-folds-v1/eesm19-scalp-sleep,EEGMamba,Frozen encoder + ridge head,6,20,Balanced accuracy,64.066666666667,Macro F1,0.6252086240649977,61.6,66.433333333333,,20.0,,https://doi.org/10.18112/openneuro.ds005185.v1.0.2,CC0-1.0 declared by upstream and mirror,https://creativecommons.org/publicdomain/zero/1.0/,"Kaare B. Mikkelsen et al. · Accurate whole-night sleep monitoring with dry-contact ear-EEG (2019), doi:10.1038/s41598-019-53115-3; OpenNeuro ds005185 v1.0.2. Processed mirror: Zachary1150/EESM19-Processed.",Personal noncommercial research; aggregate results only,MIT,foundation-models-update-20261004,eegmamba,matrix,complete,,false,false,not in the authors' published pretraining list (checked 2026-10-04),2026-10-04,3277243,weighting666/EEGMamba @ 0b060d87,b452bb29ecf1d6131ba82a50c6e13823ec1d660d9009d013e691d19b2916f4fe,https://doi.org/10.1016/j.neunet.2025.107816,MIT.,Published CBraMod pooling; LoRA on Mamba2 in_proj and out_proj (24 targets).,,,,,,,
EESM19 scalp subset,"Hugging Face processed mirror of OpenNeuro ds005185 1.0.2 · {""mirror"": ""fb045012b58a0b755f9fedf5931dff9b64a9797f"", ""upstream"": ""0857858f7a2ba1582930f23eca3ec56f90a96da9""}",parallel-fixed-subject-folds-v1/eesm19-scalp-sleep,ST-EEGFormer Base,Frozen encoder + ridge head,6,20,Balanced accuracy,77.3,Macro F1,0.7653254871776568,75.6,78.833333333333,,20.0,,https://doi.org/10.18112/openneuro.ds005185.v1.0.2,CC0-1.0 declared by upstream and mirror,https://creativecommons.org/publicdomain/zero/1.0/,"Kaare B. Mikkelsen et al. · Accurate whole-night sleep monitoring with dry-contact ear-EEG (2019), doi:10.1038/s41598-019-53115-3; OpenNeuro ds005185 v1.0.2. Processed mirror: Zachary1150/EESM19-Processed.",Personal noncommercial research; aggregate results only,"MIT (repo LICENSE; README reserves the paper, diagrams and the name)",foundation-models-update-20261004,steegformer-base,matrix,complete,,false,false,not in the authors' published pretraining list (checked 2026-10-04),2026-10-04,85179648,official GitHub release checkpoint-288.pth (code @ 542ee17),3c04469072b1e2acf9333ee48ee1002f2db42f46ffb0daab6269686ebc6fe6c1,https://openreview.net/forum?id=5Xwm8e6vbh,"MIT (repository LICENSE; the README reserves the paper, diagrams and the ST-EEGFormer name).",BETA cells are pretraining-exposed (BETA is in the ST-EEGFormer corpus).,,,,,,,
EESM19 scalp subset,"Hugging Face processed mirror of OpenNeuro ds005185 1.0.2 · {""mirror"": ""fb045012b58a0b755f9fedf5931dff9b64a9797f"", ""upstream"": ""0857858f7a2ba1582930f23eca3ec56f90a96da9""}",parallel-fixed-subject-folds-v1/eesm19-scalp-sleep,ST-EEGFormer Large,Frozen encoder + ridge head,6,20,Balanced accuracy,79.6,Macro F1,0.7889454046348844,78.2,81.033333333333,,20.0,,https://doi.org/10.18112/openneuro.ds005185.v1.0.2,CC0-1.0 declared by upstream and mirror,https://creativecommons.org/publicdomain/zero/1.0/,"Kaare B. Mikkelsen et al. · Accurate whole-night sleep monitoring with dry-contact ear-EEG (2019), doi:10.1038/s41598-019-53115-3; OpenNeuro ds005185 v1.0.2. Processed mirror: Zachary1150/EESM19-Processed.",Personal noncommercial research; aggregate results only,MIT (as Base),foundation-models-update-20261004,steegformer-large,matrix,complete,,false,false,not in the authors' published pretraining list (checked 2026-10-04),2026-10-04,303000576,official GitHub release large_weights_only_196.pth,7b2ed01dec88938ea0a8aba5621eab283bb61ec12b88c6475722fffae8afda83,https://openreview.net/forum?id=5Xwm8e6vbh,MIT (as Base).,BETA cells are pretraining-exposed. The authors' downstream class (1-based temporal index) was used; Large may have been pretrained with a 0-based index. Frozen probes only.,"ST-EEGFormer Large uses the authors' downstream class (1-based temporal index); a label-free reconstruction check suggests Large was pretrained with a 0-based index, so its temporal sinusoid may be shifted by one position.",,,,,,
EESM19 scalp subset,"Hugging Face processed mirror of OpenNeuro ds005185 1.0.2 · {""mirror"": ""fb045012b58a0b755f9fedf5931dff9b64a9797f"", ""upstream"": ""0857858f7a2ba1582930f23eca3ec56f90a96da9""}",parallel-fixed-subject-folds-v1/eesm19-scalp-sleep,"eeg-fm-masking MAE (r=9 cm, L=2)",Frozen encoder + ridge head,6,20,Balanced accuracy,67.866666666667,Macro F1,0.6675405004835195,65.433333333333,70.366666666667,,20.0,,https://doi.org/10.18112/openneuro.ds005185.v1.0.2,CC0-1.0 declared by upstream and mirror,https://creativecommons.org/publicdomain/zero/1.0/,"Kaare B. Mikkelsen et al. · Accurate whole-night sleep monitoring with dry-contact ear-EEG (2019), doi:10.1038/s41598-019-53115-3; OpenNeuro ds005185 v1.0.2. Processed mirror: Zachary1150/EESM19-Processed.",Personal noncommercial research; aggregate results only,CC-BY-4.0 (cite arXiv:2609.33487),foundation-models-update-20261004,eeg-fm-masking/mae-r9cm-L2,matrix,complete,,false,false,not in the authors' published pretraining list (checked 2026-10-04),2026-10-04,12687872,PierreGtch/eeg-fm-masking_mae_r9cm_L2 @ c861ade2,d889abd87a245b92f782246f6fd51b23120208f307bc65b4de587a76ea5ed4f2,https://arxiv.org/abs/2609.33487,CC-BY-4.0 weights: attribution required (cite arXiv:2609.33487).,Paper-recommended masking geometry; channel-retained pooling (C x 512). Three sibling checkpoints appear in the masking ablation panel.,,,,,,,
EESM19 scalp subset,"Hugging Face processed mirror of OpenNeuro ds005185 1.0.2 · {""mirror"": ""fb045012b58a0b755f9fedf5931dff9b64a9797f"", ""upstream"": ""0857858f7a2ba1582930f23eca3ec56f90a96da9""}",parallel-fixed-subject-folds-v1/eesm19-scalp-sleep,ERP-FM Base,Frozen encoder + ridge head,6,20,Balanced accuracy,71.033333333333,Macro F1,0.6954871955250812,69.5,72.566666666667,,20.0,,https://doi.org/10.18112/openneuro.ds005185.v1.0.2,CC0-1.0 declared by upstream and mirror,https://creativecommons.org/publicdomain/zero/1.0/,"Kaare B. Mikkelsen et al. · Accurate whole-night sleep monitoring with dry-contact ear-EEG (2019), doi:10.1038/s41598-019-53115-3; OpenNeuro ds005185 v1.0.2. Processed mirror: Zachary1150/EESM19-Processed.",Personal noncommercial research; aggregate results only,CC BY-NC-SA 4.0 (non-commercial; aggregate scores only),foundation-models-update-20261004,erp-fm-base,matrix,complete,,false,false,not in the authors' published pretraining list (checked 2026-10-04),2026-10-04,2022656,Google Drive file 1IXYnCOpDmY6raIn0M8_ggBOVey_A27l1 (no revision id; sha256 is the identity),856564c4208e9cfe30cfeb5052038071c4951b7078de2bc9e461dead7eb511d4,https://arxiv.org/abs/2609.32796,CC BY-NC-SA 4.0: non-commercial; aggregate scores only; attribution required; no weights redistributed.,In design: p300-target and semantic-target. The other six protocols are negative controls outside the model's design. ERP windows have no pre-stimulus baseline.,Outside the ERP-FM design: negative control.,,,,,,
EESM19 scalp subset,"Hugging Face processed mirror of OpenNeuro ds005185 1.0.2 · {""mirror"": ""fb045012b58a0b755f9fedf5931dff9b64a9797f"", ""upstream"": ""0857858f7a2ba1582930f23eca3ec56f90a96da9""}",parallel-fixed-subject-folds-v1/eesm19-scalp-sleep,SingLEM,Frozen encoder + ridge head,6,20,Balanced accuracy,35.3,Macro F1,0.32493456273396226,33.666666666667,36.966666666667,,20.0,,https://doi.org/10.18112/openneuro.ds005185.v1.0.2,CC0-1.0 declared by upstream and mirror,https://creativecommons.org/publicdomain/zero/1.0/,"Kaare B. Mikkelsen et al. · Accurate whole-night sleep monitoring with dry-contact ear-EEG (2019), doi:10.1038/s41598-019-53115-3; OpenNeuro ds005185 v1.0.2. Processed mirror: Zachary1150/EESM19-Processed.",Personal noncommercial research; aggregate results only,MIT (checkpoint committed in the MIT repository),foundation-models-update-20261004,singlem,matrix,complete,,false,false,not in the authors' published pretraining list (checked 2026-10-04),2026-10-04,3271729,ttlabtuat/SingLEM @ 6db5b5af,cb4c1b4f4a6fae99a984b883177e09b8c2fe44ed0d4c9a0ded3928dc425584bb,https://arxiv.org/abs/2509.17920,MIT.,semantic-target is pretraining-exposed (TMNRED is in the SingLEM corpus). Each channel is encoded independently; the last 0.25 s of each 2 s segment is not seen by the tokenizer.,"SingLEM tokenizer (128-sample tokens, stride 96 at 128 Hz) leaves the last 0.25 s of every 2 s segment unseen.",,,,,,
EESM19 scalp subset,"Hugging Face processed mirror of OpenNeuro ds005185 1.0.2 · {""mirror"": ""fb045012b58a0b755f9fedf5931dff9b64a9797f"", ""upstream"": ""0857858f7a2ba1582930f23eca3ec56f90a96da9""}",parallel-fixed-subject-folds-v1/eesm19-scalp-sleep,ZUNA 1.1,Frozen encoder + ridge head,6,20,Balanced accuracy,60.066666666667,Macro F1,0.5786694782117908,57.8,62.333333333333,,20.0,,https://doi.org/10.18112/openneuro.ds005185.v1.0.2,CC0-1.0 declared by upstream and mirror,https://creativecommons.org/publicdomain/zero/1.0/,"Kaare B. Mikkelsen et al. · Accurate whole-night sleep monitoring with dry-contact ear-EEG (2019), doi:10.1038/s41598-019-53115-3; OpenNeuro ds005185 v1.0.2. Processed mirror: Zachary1150/EESM19-Processed.",Personal noncommercial research; aggregate results only,"Apache-2.0; model card: research use only, not for diagnosis or clinical use",foundation-models-update-20261004,zuna,matrix,complete,,false,false,unknown: the authors do not list their pretraining data closely enough to decide,2026-10-04,172101664,Zyphra/ZUNA1.1 @ 10b9d6c8,295fcddb42ab4623dc1346fba12176798d97ab95389c666907e32cbce23f7f33,https://arxiv.org/abs/2607.27308,"Apache-2.0 weights; model card states research use only, not for diagnosis or clinical use.",Pretraining exposure unknown for every core dataset (no published source list). Encoder only; no channel upsampling or reconstruction.,ZUNA pretraining sources are not published: exposure unknown on every core dataset. 0-4 electrode coordinates per protocol are clamped to the edge of the +-0.12 m position grid as upstream does.,,,,,,
EESM19 scalp subset,"Hugging Face processed mirror of OpenNeuro ds005185 1.0.2 · {""mirror"": ""fb045012b58a0b755f9fedf5931dff9b64a9797f"", ""upstream"": ""0857858f7a2ba1582930f23eca3ec56f90a96da9""}",parallel-fixed-subject-folds-v1/eesm19-scalp-sleep,"eeg-fm-masking JEPA (r=9 cm, L=2)",Frozen encoder + ridge head,6,20,Balanced accuracy,70.333333333333,Macro F1,0.6951218090967128,67.966666666667,72.666666666667,,20.0,,https://doi.org/10.18112/openneuro.ds005185.v1.0.2,CC0-1.0 declared by upstream and mirror,https://creativecommons.org/publicdomain/zero/1.0/,"Kaare B. Mikkelsen et al. · Accurate whole-night sleep monitoring with dry-contact ear-EEG (2019), doi:10.1038/s41598-019-53115-3; OpenNeuro ds005185 v1.0.2. Processed mirror: Zachary1150/EESM19-Processed.",Personal noncommercial research; aggregate results only,CC-BY-4.0 (cite arXiv:2609.33487),foundation-models-update-20261004,eeg-fm-masking/jepa-r9cm-L2,masking ablation,complete,,false,false,not in the authors' published pretraining list (checked 2026-10-04),2026-10-04,12687872,,,https://arxiv.org/abs/2609.33487,CC-BY-4.0 weights: attribution required (cite arXiv:2609.33487).,"A sibling of the paper-recommended checkpoint in the masking ablation: the same architecture, corpus and recipe, another masking framework or geometry.",,,,,,,
EESM19 scalp subset,"Hugging Face processed mirror of OpenNeuro ds005185 1.0.2 · {""mirror"": ""fb045012b58a0b755f9fedf5931dff9b64a9797f"", ""upstream"": ""0857858f7a2ba1582930f23eca3ec56f90a96da9""}",parallel-fixed-subject-folds-v1/eesm19-scalp-sleep,"eeg-fm-masking MAE (r=one channel, L=1)",Frozen encoder + ridge head,6,20,Balanced accuracy,65.2,Macro F1,0.6439892185841272,63.0,67.266666666667,,20.0,,https://doi.org/10.18112/openneuro.ds005185.v1.0.2,CC0-1.0 declared by upstream and mirror,https://creativecommons.org/publicdomain/zero/1.0/,"Kaare B. Mikkelsen et al. · Accurate whole-night sleep monitoring with dry-contact ear-EEG (2019), doi:10.1038/s41598-019-53115-3; OpenNeuro ds005185 v1.0.2. Processed mirror: Zachary1150/EESM19-Processed.",Personal noncommercial research; aggregate results only,CC-BY-4.0 (cite arXiv:2609.33487),foundation-models-update-20261004,eeg-fm-masking/mae-rone-L1,masking ablation,complete,,false,false,not in the authors' published pretraining list (checked 2026-10-04),2026-10-04,12687872,,,https://arxiv.org/abs/2609.33487,CC-BY-4.0 weights: attribution required (cite arXiv:2609.33487).,"A sibling of the paper-recommended checkpoint in the masking ablation: the same architecture, corpus and recipe, another masking framework or geometry.",,,,,,,
EESM19 scalp subset,"Hugging Face processed mirror of OpenNeuro ds005185 1.0.2 · {""mirror"": ""fb045012b58a0b755f9fedf5931dff9b64a9797f"", ""upstream"": ""0857858f7a2ba1582930f23eca3ec56f90a96da9""}",parallel-fixed-subject-folds-v1/eesm19-scalp-sleep,"eeg-fm-masking JEPA (r=one channel, L=1)",Frozen encoder + ridge head,6,20,Balanced accuracy,68.266666666667,Macro F1,0.6748390186462353,65.733333333333,70.833333333333,,20.0,,https://doi.org/10.18112/openneuro.ds005185.v1.0.2,CC0-1.0 declared by upstream and mirror,https://creativecommons.org/publicdomain/zero/1.0/,"Kaare B. Mikkelsen et al. · Accurate whole-night sleep monitoring with dry-contact ear-EEG (2019), doi:10.1038/s41598-019-53115-3; OpenNeuro ds005185 v1.0.2. Processed mirror: Zachary1150/EESM19-Processed.",Personal noncommercial research; aggregate results only,CC-BY-4.0 (cite arXiv:2609.33487),foundation-models-update-20261004,eeg-fm-masking/jepa-rone-L1,masking ablation,complete,,false,false,not in the authors' published pretraining list (checked 2026-10-04),2026-10-04,12687872,,,https://arxiv.org/abs/2609.33487,CC-BY-4.0 weights: attribution required (cite arXiv:2609.33487).,"A sibling of the paper-recommended checkpoint in the masking ablation: the same architecture, corpus and recipe, another masking framework or geometry.",,,,,,,
